Date,Corrected_SM
2016-02-09,0.5298320738271323
2016-02-10,0.1323233427857122
2016-02-11,0.11214968490833507
2016-02-12,0.1134419655858363
2016-02-13,0.10770603509729446
2016-02-14,0.1103719030782775
2016-02-15,0.11063150933916331
2016-02-16,0.10777087083788137
2016-02-17,0.10927235197980058
2016-02-18,0.10729288796549741
2016-02-19,0.12161242206843573
2016-02-20,0.11623304827076292
2016-02-21,0.5796369362267815
2016-02-22,0.12804324544822016
2016-02-23,0.12043986711580122
2016-02-24,0.11163332705227154
2016-02-25,0.10776309099229775
2016-02-26,0.10812641846669119
2016-02-27,0.11289399091547957
2016-02-28,0.1119990513141118
2016-02-29,0.09944690023410428
2016-03-01,0.09126470311032826
2016-03-02,0.09675475220434933
2016-03-03,0.09410173775015306
2016-03-04,0.3920855755949188
2016-03-05,0.07205530545523235
2016-03-06,0.06889101255735236
2016-03-07,0.07033991955831213
2016-03-08,0.06399658157133903
2016-03-09,0.057462984188653136
2016-03-10,0.05908418603692822
2016-03-11,0.054260316994366405
2016-03-12,0.05783126626111552
2016-03-13,0.08700895811555476
2016-03-14,0.09508908871166745
2016-03-15,0.09228905221467867
2016-03-16,0.08050902445396171
2016-03-17,0.07833540825051026
2016-03-18,0.07504826749349888
2016-03-19,0.06475999098191766
2016-03-20,0.06189619232904452
2016-03-21,0.06019566163521342
2016-03-22,0.05972127145513528
2016-03-23,0.059277036656428216
2016-03-24,0.05971798985741742
2016-03-25,0.053137364767442644
2016-03-26,0.05430748771146635
2016-03-27,0.04690278734518102
2016-03-28,0.05104526196000364
2016-03-29,0.053335338566043805
2016-03-30,0.0464794848611892
2016-03-31,0.04903323722461617
2016-04-01,0.042759931353117786
2016-04-02,0.04181203138838872
2016-04-03,0.04813488806253652
2016-04-04,0.04493918808472319
2016-04-05,0.05057568749963571
2016-04-06,0.053442450927422495
2016-04-07,0.04356022924563388
2016-04-08,0.05219310660956701
2016-04-09,0.14537553605386253
2016-04-10,0.1251899057818325
2016-04-11,0.10707211062658295
2016-04-12,0.079880839671348
2016-04-13,0.07698067552782602
2016-04-14,0.07453975512040042
2016-04-15,0.0550032455828747
2016-04-16,0.05628665517766359
2016-04-17,0.042988823008502576
2016-04-18,0.057676644417114196
2016-04-19,0.05833259390538319
2016-04-20,0.03610809385444955
2016-04-21,0.043521288355514234
2016-04-22,0.04853340261890474
2016-04-23,0.041987361691778406
2016-04-24,0.04541993879681836
2016-04-25,0.03976869092748062
2016-04-26,0.1462845927565446
2016-04-27,0.11088630478556562
2016-04-28,0.052358340198288326
2016-04-29,0.05206228575345788
2016-04-30,0.05221035027393587
2016-05-01,0.05323520757193348
2016-05-02,0.05514298106738642
2016-05-03,0.1451655760589931
2016-05-04,0.08862067238658536
2016-05-05,0.09877692981157986
2016-05-06,0.17355284322452114
2016-05-07,0.1775888027249711
2016-05-08,0.1353143549698963
2016-05-09,0.17840554721074764
2016-05-10,0.13446453631812275
2016-05-11,0.18384800377252697
2016-05-12,0.15541186243115154
2016-05-13,0.15590177975509725
2016-05-14,0.10809402406415682
2016-05-15,0.6384489273097487
2016-05-16,0.17246355872445698
2016-05-17,0.3156436595718644
2016-05-18,0.2697862645443017
2016-05-19,0.25127801134368233
2016-05-20,0.2269599106844938
2016-05-21,0.1934203097307719
2016-05-22,0.1399060911672418
2016-05-23,0.13004850450565403
2016-05-24,0.12058106438584401
2016-05-25,0.05895158703827357
2016-05-26,0.07249988550587279
2016-05-27,0.4081345950392798
2016-05-28,0.1659851142041561
2016-05-29,0.26086721125517
2016-05-30,0.2152551655500977
2016-05-31,0.21534672147250986
2016-06-01,0.2152039186244098
2016-06-02,0.23122599715449124
2016-06-03,0.18717789251431746
2016-06-04,0.17582321081856706
2016-06-05,0.20106643043077096
2016-06-06,0.2152479281743277
2016-06-07,0.14903012778710156
2016-06-08,0.6316584015376119
2016-06-09,0.28375848332294035
2016-06-10,0.25461941892764606
2016-06-11,0.2133176067224898
2016-06-12,0.2573029174576851
2016-06-13,0.19806886514135197
2016-06-14,0.18114413590864795
2016-06-15,0.12842048117952246
2016-06-16,0.13072728215013343
2016-06-17,0.1392018170317427
2016-06-18,0.26417878825412816
2016-06-19,0.22082972427641295
2016-06-20,0.17462012581330658
2016-06-21,0.1577294491488248
2016-06-22,0.17745571749698094
2016-06-23,0.3602840873594319
2016-06-24,0.25895872579920876
2016-06-25,0.22948281727803285
2016-06-26,0.28899362564730036
2016-06-27,0.2739224517724672
2016-06-28,0.2881904995779983
2016-06-29,0.3467880943453104
2016-06-30,0.3570513351383426
2016-07-01,0.33361344595258347
2016-07-02,0.8157016801386379
2016-07-03,0.2910744525654945
2016-07-04,0.2396556688250438
2016-07-05,0.25754311590449486
2016-07-06,0.23140324234518087
2016-07-07,0.2566801020048074
2016-07-08,0.3171585399824243
2016-07-09,0.2922521695350386
2016-07-10,0.27023073237834067
2016-07-11,0.2698868829669819
2016-07-12,0.22000308984354064
2016-07-13,0.2244756862605806
2016-07-14,0.8007346803796327
2016-07-15,0.18497406747498352
2016-07-16,0.3403964730843954
2016-07-17,0.36391369416400315
2016-07-18,0.35096353843184314
2016-07-19,0.3871007242986214
2016-07-20,0.31638879652991636
2016-07-21,0.4289477036049962
2016-07-22,0.37813330272856477
2016-07-23,0.34718591147462363
2016-07-24,0.317435362775415
2016-07-25,0.235294767354863
2016-07-26,0.6572690244010329
2016-07-27,0.28985220255974353
2016-07-28,0.31741178686681054
2016-07-29,0.39790223168412364
2016-07-30,0.34273247968672654
2016-07-31,0.34682109864899757
2016-08-01,0.2822354548156562
2016-08-02,0.2581972516275339
2016-08-03,0.2453660888633298
2016-08-04,0.2411670071536464
2016-08-05,0.140311054582324
2016-08-06,0.18217478126717948
2016-08-07,0.58826558447546
2016-08-08,0.13186450809529265
2016-08-09,0.16385142216699713
2016-08-10,0.12751233500601591
2016-08-11,0.15554864559436155
2016-08-12,0.17823581336173236
2016-08-13,0.1405663101221336
2016-08-14,0.1819143718933288
2016-08-15,0.12318554525745866
2016-08-16,0.1653752046035537
2016-08-17,0.18173078919993077
2016-08-18,0.18161498534871368
2016-08-19,0.5847360193290446
2016-08-20,0.17575375671310203
2016-08-21,0.10210980123514164
2016-08-22,0.12212442686186144
2016-08-23,0.09263338575125249
2016-08-24,0.10847197355845084
2016-08-25,0.14584143776479125
2016-08-26,0.0940559995910659
2016-08-27,0.32805952388632487
2016-08-28,0.27506787947604566
2016-08-29,0.20234656361355713
2016-08-30,0.28192069610139564
2016-08-31,0.5983819480107874
2016-09-01,0.2600613035431581
2016-09-02,0.2263930133373475
2016-09-03,0.1886264814305766
2016-09-04,0.18259646227596169
2016-09-05,0.18460513351670862
2016-09-06,0.14176700659489874
2016-09-07,0.14733685412027747
2016-09-08,0.09616628271781928
2016-09-09,0.10594699310696198
2016-09-10,0.11412195082031366
2016-09-11,0.09644591334356756
2016-09-12,0.6234716586109808
2016-09-13,0.16813220431637982
2016-09-14,0.23704489290827474
2016-09-15,0.2464628760296233
2016-09-16,0.17484042667197597
2016-09-17,0.18260556048449111
2016-09-18,0.18242463788234092
2016-09-19,0.13970836898523878
2016-09-20,0.1465560478822012
2016-09-21,0.15616579862143373
2016-09-22,0.11200904076324153
2016-09-23,0.12704908258480982
2016-09-24,0.614754583086337
2016-09-25,0.10204352265315451
2016-09-26,0.1201651563933012
2016-09-27,0.16570062776400166
2016-09-28,0.18339336836138603
2016-09-29,0.2236882835288641
2016-09-30,0.19765916145105808
2016-10-01,0.1849014238353636
2016-10-02,0.0999915018886142
2016-10-03,0.10283440438911075
2016-10-04,0.12293120586943994
2016-10-05,0.10407414988019596
2016-10-06,0.4089961234518844
2016-10-07,0.07879679915205764
2016-10-08,0.048297913105598236
2016-10-09,0.0557766487937577
2016-10-10,0.039450143948057126
2016-10-11,0.050965059809932683
2016-10-12,0.06996933895543993
2016-10-13,0.34131967743667563
2016-10-14,0.21565473248712239
2016-10-15,0.17498398537166995
2016-10-16,0.1875895054367885
2016-10-17,0.1558423029377819
2016-10-18,0.495069229487473
2016-10-19,0.11971685364254885
2016-10-20,0.11394707649186264
2016-10-21,0.06819104520814204
2016-10-22,0.07910032563000588
2016-10-23,0.08285649802401462
2016-10-24,0.06000729098561677
2016-10-25,0.07016847152379191
2016-10-26,0.059994498609583204
2016-10-27,0.06091018629490798
2016-10-28,0.06794728030061618
2016-10-29,0.05576355863327653
2016-10-30,0.5008274318108548
2016-10-31,0.13731387907039247
2016-11-01,0.11933815510553311
2016-11-02,0.12495460215898985
2016-11-03,0.19420406058486053
2016-11-04,0.14714249866291257
2016-11-05,0.13831477422636274
2016-11-06,0.09756227215734474
2016-11-07,0.1005608322070076
2016-11-08,0.102584789600308
2016-11-09,0.06454356595491974
2016-11-10,0.07562646326844799
2016-11-11,0.2903119965296177
2016-11-12,0.04062044198294819
2016-11-13,0.04680989448185625
2016-11-14,0.041419857840289065
2016-11-15,0.04753917512671164
2016-11-16,0.05185053018306154
2016-11-17,0.045746075779983464
2016-11-18,0.05039842195288145
2016-11-19,0.04941413416170063
2016-11-20,0.04933918576680076
2016-11-21,0.052341569937789933
2016-11-22,0.041492362938599064
2016-11-23,0.4239590747615708
2016-11-24,0.0634699624563554
2016-11-25,0.06808961546685596
2016-11-26,0.06743152001248864
2016-11-27,0.07156008309930505
2016-11-28,0.07839858252598632
2016-11-29,0.07769642123535532
2016-11-30,0.0974891383885292
2016-12-01,0.09884144519922411
2016-12-02,0.15796736722074758
2016-12-03,0.187854261296292
2016-12-04,0.1555734245040365
2016-12-05,0.3868018894164063
2016-12-06,0.09463550854921367
2016-12-07,0.08450659057871898
2016-12-08,0.06764061985653504
2016-12-09,0.06732633236270574
2016-12-10,0.06335264673961319
2016-12-11,0.06726658100817094
2016-12-12,0.0656049070430836
2016-12-13,0.2761286413260551
2016-12-14,0.19533893263428775
2016-12-15,0.14838252731168194
2016-12-16,0.1740637437775517
2016-12-17,0.3235783066680213
2016-12-18,0.09233137342768223
2016-12-19,0.10340790299916859
2016-12-20,0.08666361489062085
2016-12-21,0.07730934834091707
2016-12-22,0.0743290361042506
2016-12-23,0.06670386648301858
2016-12-24,0.05556605691924065
2016-12-25,0.053501488983152615
2016-12-26,0.053223632425431676
2016-12-27,0.04865044734275676
2016-12-28,0.04911731854507932
2016-12-29,0.3399124561917211
2016-12-30,0.07397938335551357
2016-12-31,0.07215897800735088
2017-01-01,0.061357861206548424
2017-01-02,0.0631984891176242
2017-01-03,0.06602400996695752
2017-01-04,0.06793224451288746
2017-01-05,0.06853531734643797
2017-01-06,0.0641102930595801
2017-01-07,0.05621848581362603
2017-01-08,0.05922953033549563
2017-01-09,0.058369805649396866
2017-01-10,0.5901028550502527
2017-01-11,0.11151117465198442
2017-01-12,0.0972388014617141
2017-01-13,0.1040005617781235
2017-01-14,0.1006015274005427
2017-01-15,0.11285068770184893
2017-01-16,0.11855756823562451
2017-01-17,0.10862778744403083
2017-01-18,0.10899880717929517
2017-01-19,0.10773986218154355
2017-01-20,0.10268303144504824
2017-01-21,0.10719648612957124
2017-01-22,0.4583363731317855
2017-01-23,0.11831138654779737
2017-01-24,0.11172242887486965
2017-01-25,0.09244210624181642
2017-01-26,0.10957643723964136
2017-01-27,0.1378127077712217
2017-01-28,0.14684433354233195
2017-01-29,0.1328781516567376
2017-01-30,0.1142991374371109
2017-01-31,0.08470986910359533
2017-02-01,0.08141606398869101
2017-02-02,0.059617950395159644
2017-02-03,0.713252303749625
2017-02-04,0.11305883703238684
2017-02-05,0.10493524290184725
2017-02-06,0.10910165350835822
2017-02-07,0.093762324413612
2017-02-08,0.09043922649268489
2017-02-09,0.09893839174557718
2017-02-10,0.09675483617519016
2017-02-11,0.10543115081230928
2017-02-12,0.10639678314816244
2017-02-13,0.09107774299157537
2017-02-14,0.09852749963073165
2017-02-15,0.10230853176629201
2017-02-16,0.09617095341386248
2017-02-17,0.10058598019804908
2017-02-18,0.09351032198400785
2017-02-19,0.09609062211568443
2017-02-20,0.10195798934874896
2017-02-21,0.10304286893905379
2017-02-22,0.10671863127170918
2017-02-23,0.09153820419788346
2017-02-24,0.08436726014182784
2017-02-25,0.09207971955177245
2017-02-26,0.08464806741112083
2017-02-27,0.2103463309034941
2017-02-28,0.029579965254196358
2017-03-01,0.022913612434969467
2017-03-02,0.02505944402950084
2017-03-03,0.03221237734601065
2017-03-04,0.027699140950021465
2017-03-05,0.03149191467262707
2017-03-06,0.034510173345902215
2017-03-07,0.041131225246605146
2017-03-08,0.11084834501919431
2017-03-09,0.06961420587573046
2017-03-10,0.06829172624684295
2017-03-11,0.4195636950134259
2017-03-12,0.06350400985934969
2017-03-13,0.06589963219196464
2017-03-14,0.11285770593068477
2017-03-15,0.11910265262542133
2017-03-16,0.12178367334691144
2017-03-17,0.08754620569296136
2017-03-18,0.19102912637879935
2017-03-19,0.15246076094892785
2017-03-20,0.11467834612157411
2017-03-21,0.12123342559493624
2017-03-22,0.0985286800156918
2017-03-23,0.2118308976423172
2017-03-24,0.0408916049611305
2017-03-25,0.017376028744128885
2017-03-26,0.019102782591930077
2017-03-27,0.018377841019822608
2017-03-28,0.013645910240764112
2017-03-29,0.016195580685821546
2017-03-30,0.015590961819857833
2017-03-31,0.018276756076930887
2017-04-01,0.02034512132980694
2017-04-02,0.012368824020535824
2017-04-03,0.01571417605784422
2017-04-04,0.2214675948988537
2017-04-05,0.019235692078835014
2017-04-06,0.042047995490419515
2017-04-07,0.13623205222275048
2017-04-08,0.08540262866560716
2017-04-09,0.06672891551896772
2017-04-10,0.047211882074832866
2017-04-11,0.044325302568458444
2017-04-12,0.029559293160741348
2017-04-13,0.02250192172552655
2017-04-14,0.025126155271108976
2017-04-15,0.018725799552041174
2017-04-16,0.3643972762651081
2017-04-17,0.12402405763751763
2017-04-18,0.10396150554152053
2017-04-19,0.14824982301993192
2017-04-20,0.1639547298258833
2017-04-21,0.19689434667432806
2017-04-22,0.15872325210274563
2017-04-23,0.11939049916794404
2017-04-24,0.0991724111165393
2017-04-25,0.09291869401861605
2017-04-26,0.21264033293434637
2017-04-27,0.13954985806183762
2017-04-28,0.1623535616949987
2017-04-29,0.026091210285823264
2017-04-30,0.0313514968703575
2017-05-01,0.029674414184157123
2017-05-02,0.0412313579114685
2017-05-03,0.03628637623306672
2017-05-04,0.01844938990269975
2017-05-05,0.018601472877586386
2017-05-06,0.011541064239374536
2017-05-07,0.01153089927896042
2017-05-08,0.09873414628675749
2017-05-09,0.09252215091872315
2017-05-10,0.4891439560931545
2017-05-11,0.18443210948870287
2017-05-12,0.1655864411271072
2017-05-13,0.1459909853792896
2017-05-14,0.10484549268648692
2017-05-15,0.2606127434415073
2017-05-16,0.16993433385934759
2017-05-17,0.2236970799055353
2017-05-18,0.2046914398187466
2017-05-19,0.25930882343322914
2017-05-20,0.27233996300472096
2017-05-21,0.2728011972595593
2017-05-22,0.47975185736523
2017-05-23,0.24775107315054626
2017-05-24,0.20907424994861945
2017-05-25,0.2542904243206383
2017-05-26,0.22539613641767045
2017-05-27,0.2758412370934962
2017-05-28,0.2884861296215841
2017-05-29,0.21555604632553046
2017-05-30,0.2125688621286579
2017-05-31,0.17915715472532523
2017-06-01,0.17100001007319157
2017-06-02,0.11788406758630615
2017-06-03,0.5032536900681452
2017-06-04,0.20479354712090683
2017-06-05,0.14058370182437002
2017-06-06,0.15216113079232538
2017-06-07,0.15159768515819277
2017-06-08,0.11748427687127351
2017-06-09,0.1446346801484716
2017-06-10,0.10148367534632277
2017-06-11,0.14310536140686597
2017-06-12,0.18354786060609812
2017-06-13,0.14968210782522587
2017-06-14,0.15368488577190678
2017-06-15,0.7335281779541394
2017-06-16,0.1841944405676124
2017-06-17,0.2396681045598648
2017-06-18,0.21400840506226723
2017-06-19,0.2328231130885229
2017-06-20,0.27202449163455916
2017-06-21,0.18862454666719675
2017-06-22,0.20138633544214626
2017-06-23,0.1889554152499737
2017-06-24,0.18811323098949922
2017-06-25,0.2636882192215522
2017-06-26,0.22123104475263863
2017-06-27,0.5183334875074226
2017-06-28,0.16242299086102502
2017-06-29,0.13396428641091043
2017-06-30,0.1357789439002347
2017-07-01,0.12434398329133352
2017-07-02,0.13407794838330248
2017-07-03,0.14406352107062195
2017-07-04,0.11469762367534199
2017-07-05,0.13210303807936571
2017-07-06,0.12908475356569996
2017-07-07,0.1419410944910436
2017-07-08,0.15542166707281488
2017-07-09,0.6554593984353101
2017-07-10,0.13022310436767906
2017-07-11,0.14261866751378893
2017-07-12,0.11927462623105743
2017-07-13,0.17810431351150136
2017-07-14,0.28775786077628784
2017-07-15,0.22115803344428386
2017-07-16,0.22540239083079552
2017-07-17,0.18160619246192544
2017-07-18,0.16180635174643432
2017-07-19,0.17134946795779513
2017-07-20,0.2696737566017746
2017-07-21,0.4511676172805292
2017-07-22,0.13025474501577786
2017-07-23,0.09882361408149055
2017-07-24,0.09877441423636277
2017-07-25,0.08210014289685727
2017-07-26,0.06944098128395504
2017-07-27,0.0776539977491471
2017-07-28,0.09523647820854503
2017-07-29,0.10764717117959373
2017-07-30,0.11459524716390032
2017-07-31,0.1791205480534103
2017-08-01,0.2457949735334848
2017-08-02,0.4215077235546883
2017-08-03,0.12400990383560535
2017-08-04,0.11450609649433437
2017-08-05,0.10249952309216283
2017-08-06,0.09666948562575178
2017-08-07,0.14578363093852306
2017-08-08,0.1554677716678067
2017-08-09,0.1585660944813119
2017-08-10,0.2599770395686001
2017-08-11,0.23452182733011848
2017-08-12,0.19724811718019655
2017-08-13,0.2569217009204331
2017-08-14,0.4127446879756126
2017-08-15,0.25579628769152307
2017-08-16,0.2959857616019
2017-08-17,0.24210678558111987
2017-08-18,0.25079648906240287
2017-08-19,0.24064404136295844
2017-08-20,0.2183013875183011
2017-08-21,0.27810278682714573
2017-08-22,0.22796154374659314
2017-08-23,0.19736174232482037
2017-08-24,0.2646357044430673
2017-08-25,0.2565078951087801
2017-08-26,0.8487454874001603
2017-08-27,0.4740609239036852
2017-08-28,0.4835330659940388
2017-08-29,0.504023586277202
2017-08-30,0.4583338444209126
2017-08-31,0.4200726813580555
2017-09-01,0.4096193485849691
2017-09-02,0.5414959337012293
2017-09-03,0.6050639425729352
2017-09-04,0.4858858402131343
2017-09-05,0.473944879086769
2017-09-06,0.5696959254501504
2017-09-07,0.5389886888977038
2017-09-08,0.32016314330017764
2017-09-09,0.3491039214823032
2017-09-10,0.35660646077466324
2017-09-11,0.3310169856724857
2017-09-12,0.32282265250036113
2017-09-13,0.2656184377502416
2017-09-14,0.24395685632516353
2017-09-15,0.32962002365313814
2017-09-16,0.2821053590616785
2017-09-17,0.3123613287188009
2017-09-18,0.30847649416162687
2017-09-19,0.402606898297268
2017-09-20,0.18202835570029632
2017-09-21,0.1709473681521597
2017-09-22,0.11867962910004622
2017-09-23,0.13500186243294995
2017-09-24,0.14393319877271768
2017-09-25,0.3156149711610007
2017-09-26,0.2644019487460759
2017-09-27,0.29836232029292953
2017-09-28,0.3092139238124638
2017-09-29,0.2951871776288259
2017-09-30,0.2552329884092245
2017-10-01,0.5626152680545687
2017-10-02,0.33306920031804904
2017-10-03,0.30502401830846676
2017-10-04,0.34495281236023845
2017-10-05,0.39265060181339295
2017-10-06,0.39462684051136304
2017-10-07,0.36520588873262844
2017-10-08,0.37912595512359193
2017-10-09,0.39413375784901145
2017-10-10,0.39354586480216625
2017-10-11,0.41722701807320395
2017-10-12,0.37541901033738617
2017-10-13,0.695106336139895
2017-10-14,0.42549912538982276
2017-10-15,0.47799133760372753
2017-10-16,0.44825961412766463
2017-10-17,0.454928776976043
2017-10-18,0.4421937061952309
2017-10-19,0.4012581855176548
2017-10-20,0.3868425303465383
2017-10-21,0.35082622896629007
2017-10-22,0.31759951348261994
2017-10-23,0.33325094697718477
2017-10-24,0.23215324142136406
2017-10-25,0.5838588815251531
2017-10-26,0.2945018613795413
2017-10-27,0.22209525221320126
2017-10-28,0.28588749717743006
2017-10-29,0.23863565170517176
2017-10-30,0.1954079095715312
2017-10-31,0.24059504487588854
2017-11-01,0.15466916615147128
2017-11-02,0.24544638723193063
2017-11-03,0.3042689517432643
2017-11-04,0.2070713126779725
2017-11-05,0.37527195002541847
2017-11-06,0.6297356296250217
2017-11-07,0.3372560243388459
2017-11-08,0.3549927127641074
2017-11-09,0.2876638195723378
2017-11-10,0.27649551105634906
2017-11-11,0.29083329176611294
2017-11-12,0.21796098840083364
2017-11-13,0.23822034856727697
2017-11-14,0.19491062064876258
2017-11-15,0.18925050217161501
2017-11-16,0.21372541278506552
2017-11-17,0.20246787802806235
2017-11-18,0.4881774836675519
2017-11-19,0.21139411826250676
2017-11-20,0.16397767626748155
2017-11-21,0.17986183946177312
2017-11-22,0.14996839285506397
2017-11-23,0.14304912404574552
2017-11-24,0.1604300099394126
2017-11-25,0.15750683788593622
2017-11-26,0.1775116799144424
2017-11-27,0.18985432317790601
2017-11-28,0.15153239634285054
2017-11-29,0.1657258220974719
2017-11-30,0.632067453179117
2017-12-01,0.3435379023263677
2017-12-02,0.394465986981335
2017-12-03,0.36827618817687485
2017-12-04,0.33795418409333444
2017-12-05,0.3110457777763946
2017-12-06,0.30468917956104663
2017-12-07,0.2882973593960699
2017-12-08,0.2778237540919141
2017-12-09,0.25900117442535747
2017-12-10,0.254533351108627
2017-12-11,0.2168750619924402
2017-12-12,0.5692767196026172
2017-12-13,0.21253959590540872
2017-12-14,0.18830035155190133
2017-12-15,0.20284279943605704
2017-12-16,0.19118163838872346
2017-12-17,0.17341841516906265
2017-12-18,0.18126508874823244
2017-12-19,0.18065280772090472
2017-12-20,0.18689588969057414
2017-12-21,0.18647718368105168
2017-12-22,0.18452860913726254
2017-12-23,0.18534790870636025
2017-12-24,0.4928143884754926
2017-12-25,0.1508167465695713
2017-12-26,0.15625513098077973
2017-12-27,0.14348061125842598
2017-12-28,0.14651684300197426
2017-12-29,0.1476681059416098
2017-12-30,0.14123089028278685
2017-12-31,0.14162443023181073
2018-01-01,0.13451207946772742
2018-01-02,0.1373870947049958
2018-01-03,0.13707278290275987
2018-01-04,0.1322068653912492
2018-01-05,0.4866410484602321
2018-01-06,0.13861958581760966
2018-01-07,0.13375186208321466
2018-01-08,0.1342673515387788
2018-01-09,0.1248271223466946
2018-01-10,0.13071309217677887
2018-01-11,0.13756399067412176
2018-01-12,0.13963062828173378
2018-01-13,0.13665329312869195
2018-01-14,0.12837571872401368
2018-01-15,0.12935421175047793
2018-01-16,0.12423512369599869
2018-01-17,0.5940737279452629
2018-01-18,0.16900513705889306
2018-01-19,0.15963391730188353
2018-01-20,0.14206845348803132
2018-01-21,0.13894180213238366
2018-01-22,0.13402396295878638
2018-01-23,0.13687379845892428
2018-01-24,0.13780807891133887
2018-01-25,0.13921814596382845
2018-01-26,0.15698541021262485
2018-01-27,0.1476642188542912
2018-01-28,0.13793382053988554
2018-01-29,0.4060626368293921
2018-01-30,0.09181813849517519
2018-01-31,0.09774378872639963
2018-02-01,0.09123050770995905
2018-02-02,0.08993069512342902
2018-02-03,0.0904852535054959
2018-02-04,0.08490764386237282
2018-02-05,0.08537143525247726
2018-02-06,0.08334525855299815
2018-02-07,0.08183241446082094
2018-02-08,0.1296399923256496
2018-02-09,0.11893642743983707
2018-02-10,0.6155101522293545
2018-02-11,0.19997454042246088
2018-02-12,0.17513744214337196
2018-02-13,0.16456659065039034
2018-02-14,0.15595425814696212
2018-02-15,0.14347643011047323
2018-02-16,0.13102299003022197
2018-02-17,0.12110548166357661
2018-02-18,0.12245625935543303
2018-02-19,0.1326851724765172
2018-02-20,0.12036373757426456
2018-02-21,0.10972740016576245
2018-02-22,0.3267109174220007
2018-02-23,0.0606717899558357
2018-02-24,0.052328196667243636
2018-02-25,0.052676482680211974
2018-02-26,0.05468937525979076
2018-02-27,0.05604754184648053
2018-02-28,0.05500578563419159
2018-03-01,0.05212990881559742
2018-03-02,0.05045513252100036
2018-03-03,0.050193582170130445
2018-03-04,0.054643316822534004
2018-03-05,0.05445974631792359
2018-03-06,0.6842024396384337
2018-03-07,0.12548232993201955
2018-03-08,0.11945650541315864
2018-03-09,0.11452194604393519
2018-03-10,0.1101330597043881
2018-03-11,0.10975097751632933
2018-03-12,0.10920513673196562
2018-03-13,0.11132512200771787
2018-03-14,0.15735667919255353
2018-03-15,0.172790322444405
2018-03-16,0.18887193789457035
2018-03-17,0.37587351604575264
2018-03-18,0.6164655991090066
2018-03-19,0.20611428218833105
2018-03-20,0.19926357041963688
2018-03-21,0.15734328689059152
2018-03-22,0.14679780192961067
2018-03-23,0.12903279823038927
2018-03-24,0.11680280599638172
2018-03-25,0.1036452447846748
2018-03-26,0.09977025016101285
2018-03-27,0.09452467768461871
2018-03-28,0.08478157606864373
2018-03-29,0.08562436778804372
2018-03-30,0.2504010797639701
2018-03-31,0.13035690433153949
2018-04-01,0.11073840623134747
2018-04-02,0.11222488685920154
2018-04-03,0.09469185663038712
2018-04-04,0.07452541473741237
2018-04-05,0.053394615550975084
2018-04-06,0.04774744481529406
2018-04-07,0.034341665677319465
2018-04-08,0.033986491292705596
2018-04-09,0.03455597286345057
2018-04-10,0.029798463288896272
2018-04-11,0.2477341506227586
2018-04-12,0.038411731157403754
2018-04-13,0.0494528821877308
2018-04-14,0.04756125651894427
2018-04-15,0.04186295933816221
2018-04-16,0.03774808263910963
2018-04-17,0.09895306673783087
2018-04-18,0.07855365577681375
2018-04-19,0.06738079559670822
2018-04-20,0.07117981861371166
2018-04-21,0.12144747614394213
2018-04-22,0.09378856375404945
2018-04-23,0.676934583682718
2018-04-24,0.18072003656330304
2018-04-25,0.17776038861632973
2018-04-26,0.16260807441268357
2018-04-27,0.2478003399172104
2018-04-28,0.18008173638401084
2018-04-29,0.1481738160901969
2018-04-30,0.13126373311448225
2018-05-01,0.3028413807051083
2018-05-02,0.316147111981999
2018-05-03,0.25119601086984145
2018-05-04,0.38718628218616
2018-05-05,0.420842257226192
2018-05-06,0.12240090892453703
2018-05-07,0.1320341043874246
2018-05-08,0.11036790156411115
2018-05-09,0.22058228752589107
2018-05-10,0.1923916848725012
2018-05-11,0.1577264186567154
2018-05-12,0.16098261181310414
2018-05-13,0.21270509731358156
2018-05-14,0.19617709222767576
2018-05-15,0.22733353592844602
2018-05-16,0.16650365184762722
2018-05-17,0.5828337523874562
2018-05-18,0.15529631050248305
2018-05-19,0.1476175901576573
2018-05-20,0.29568090400485597
2018-05-21,0.2874539138040838
2018-05-22,0.31372018018941983
2018-05-23,0.22121284641592123
2018-05-24,0.2631977448905583
2018-05-25,0.3313943247862325
2018-05-26,0.35556903984801574
2018-05-27,0.3115128421515122
2018-05-28,0.2914508788039403
2018-05-29,0.909898695245348
2018-05-30,0.3920705127892699
2018-05-31,0.3148702520108837
2018-06-01,0.3215178690402723
2018-06-02,0.459766653161897
2018-06-03,0.44369534303041613
2018-06-04,0.4636599178518944
2018-06-05,0.4508382829082764
2018-06-06,0.43186181626968284
2018-06-07,0.400787420183251
2018-06-08,0.4019058514379035
2018-06-09,0.38939215543506694
2018-06-10,0.516757277861327
2018-06-11,0.21881378600757584
2018-06-12,0.2172751629384501
2018-06-13,0.1801503341803207
2018-06-14,0.1969144372679957
2018-06-15,0.2538789196844952
2018-06-16,0.19845769214403275
2018-06-17,0.1908009797077292
2018-06-18,0.13949813041055883
2018-06-19,0.09563897290398692
2018-06-20,0.11391369746050647
2018-06-21,0.10013047364694264
2018-06-22,0.50361292342472
2018-06-23,0.16681982176623597
2018-06-24,0.1290288116632786
2018-06-25,0.14369972574195564
2018-06-26,0.11122250566755881
2018-06-27,0.14572931499259123
2018-06-28,0.1747036443629717
2018-06-29,0.16550833086209757
2018-06-30,0.1867773083790906
2018-07-01,0.25077663060439065
2018-07-02,0.24109507073014755
2018-07-03,0.28047352914136886
2018-07-04,0.5362966873283814
2018-07-05,0.1576328985209498
2018-07-06,0.1538730910852474
2018-07-07,0.25777824714580483
2018-07-08,0.32371321580478096
2018-07-09,0.27219033035295026
2018-07-10,0.260210859023663
2018-07-11,0.2776795079797508
2018-07-12,0.2844468911441836
2018-07-13,0.2564625729589256
2018-07-14,0.2710209750422051
2018-07-15,0.21292873822496158
2018-07-16,0.7084551451477354
2018-07-17,0.28388459373780445
2018-07-18,0.22523363687434123
2018-07-19,0.23783480669133533
2018-07-20,0.2389116354743873
2018-07-21,0.21371964869725377
2018-07-22,0.28356448482077734
2018-07-23,0.18252974173799053
2018-07-24,0.19000671131127397
2018-07-25,0.2114494730441872
2018-07-26,0.25829737422417715
2018-07-27,0.23331586840619933
2018-07-28,0.5687852783256017
2018-07-29,0.178851701523862
2018-07-30,0.18298145755801742
2018-07-31,0.17285788132406765
2018-08-01,0.1910687545840021
2018-08-02,0.18568120591718765
2018-08-03,0.14548493498099566
2018-08-04,0.15655983774349888
2018-08-05,0.1259015462143636
2018-08-06,0.10941631559636653
2018-08-07,0.11964879228911404
2018-08-08,0.11549675703098049
2018-08-09,0.4899860012009598
2018-08-10,0.1477972309112591
2018-08-11,0.1939945989660066
2018-08-12,0.190629576339579
2018-08-13,0.2659741823202585
2018-08-14,0.28951291464750095
2018-08-15,0.2579266089340474
2018-08-16,0.25126081334285966
2018-08-17,0.296979493054393
2018-08-18,0.23547716133367222
2018-08-19,0.20952113570547984
2018-08-20,0.2208617831699181
2018-08-21,0.4056074735365129
2018-08-22,0.13389037339537938
2018-08-23,0.12419638334414163
2018-08-24,0.08970442351904871
2018-08-25,0.10119897299998397
2018-08-26,0.13120132372262466
2018-08-27,0.11696505770352866
2018-08-28,0.15971100773655972
2018-08-29,0.1742181577170198
2018-08-30,0.17331700389249557
2018-08-31,0.20553654646051409
2018-09-01,0.2105876870731896
2018-09-02,0.4839022837094299
2018-09-03,0.16668320994087982
2018-09-04,0.14951800507808244
2018-09-05,0.1385167757009453
2018-09-06,0.13757422568091324
2018-09-07,0.14170555704925145
2018-09-08,0.13056460237184841
2018-09-09,0.10871419826596881
2018-09-10,0.10687010087056793
2018-09-11,0.2222142417783359
2018-09-12,0.21202114534875452
2018-09-13,0.1700917298981182
2018-09-14,0.499549764350953
2018-09-15,0.27003723856550493
2018-09-16,0.25322906865618805
2018-09-17,0.2576373295619255
2018-09-18,0.20521076279371772
2018-09-19,0.1758476432535798
2018-09-20,0.16783394080549027
2018-09-21,0.19431226739409865
2018-09-22,0.1875498808602757
2018-09-23,0.19633929191800892
2018-09-24,0.30723452461531076
2018-09-25,0.3378027514067287
2018-09-26,0.5853111561056138
2018-09-27,0.31415415426008636
2018-09-28,0.3285248567326044
2018-09-29,0.37661118394921517
2018-09-30,0.31355031721479715
2018-10-01,0.311741633846988
2018-10-02,0.25315835273963627
2018-10-03,0.30370219405455734
2018-10-04,0.28506230804327554
2018-10-05,0.3366916509755033
2018-10-06,0.3349928216741789
2018-10-07,0.3143658012568821
2018-10-08,0.696427268357992
2018-10-09,0.4245638601036973
2018-10-10,0.3691832081716178
2018-10-11,0.352987439992493
2018-10-12,0.3066212955806269
2018-10-13,0.28537094513892014
2018-10-14,0.23972347604609023
2018-10-15,0.46793715897241284
2018-10-16,0.3965396336913805
2018-10-17,0.4339137319671082
2018-10-18,0.4021221408111049
2018-10-19,0.39325377667504435
2018-10-20,0.6372570246085899
2018-10-21,0.3100676342329551
2018-10-22,0.326408846651232
2018-10-23,0.27756846607732166
2018-10-24,0.2465173879340496
2018-10-25,0.22268564249397363
2018-10-26,0.22474084695881527
2018-10-27,0.21471206070758483
2018-10-28,0.2152836386863929
2018-10-29,0.21457689004942757
2018-10-30,0.16384305670160437
2018-10-31,0.17879172428583165
2018-11-01,0.6353338103917906
2018-11-02,0.3031729963258423
2018-11-03,0.31275525896854833
2018-11-04,0.3444258130380016
2018-11-05,0.3184488964335288
2018-11-06,0.3058167689618759
2018-11-07,0.28028403008353586
2018-11-08,0.2791026307380109
2018-11-09,0.2521911502290319
2018-11-10,0.23769530085867402
2018-11-11,0.2308421807717489
2018-11-12,0.21090064890157875
2018-11-13,0.22176001094624398
2018-11-14,0.21556474692016783
2018-11-15,0.2066200796961547
2018-11-16,0.2099942652535086
2018-11-17,0.23995222238089398
2018-11-18,0.2465372799464157
2018-11-19,0.28973204805198827
2018-11-20,0.2505680690529168
2018-11-21,0.22670736889625293
2018-11-22,0.24851963003862684
2018-11-23,0.2843016674653587
2018-11-24,0.27233750930466566
2018-11-25,0.26693684475012724
2018-11-26,0.26306743372293584
2018-11-27,0.23504615853875402
2018-11-28,0.21852400195249005
2018-11-29,0.20860838684833075
2018-11-30,0.20923313107423508
2018-12-01,0.20996454809412832
2018-12-02,0.1990887624742038
2018-12-03,0.19318994779622028
2018-12-04,0.19864605169523503
2018-12-05,0.2022750490433267
2018-12-06,0.2200584175952753
2018-12-07,0.5699442917539708
2018-12-08,0.1687496264783948
2018-12-09,0.16810352783643373
2018-12-10,0.1593179748728062
2018-12-11,0.16767661112253107
2018-12-12,0.1969871675362703
2018-12-13,0.1808548318932465
2018-12-14,0.175359201205304
2018-12-15,0.1613853240925942
2018-12-16,0.15315508263483885
2018-12-17,0.17489870064407467
2018-12-18,0.15935372355846353
2018-12-19,0.1682822016834344
2018-12-20,0.1988998072472727
2018-12-21,0.1754952076725748
2018-12-22,0.1757715825807048
2018-12-23,0.1610217245513805
2018-12-24,0.1537740756002459
2018-12-25,0.18200420036228818
2018-12-26,0.16057224670163803
2018-12-27,0.15596365859996286
2018-12-28,0.17087235409507365
2018-12-29,0.16300474405254178
2018-12-30,0.16978010085108547
2018-12-31,0.3185279770903675
2019-01-01,0.08344298209238749
2019-01-02,0.08516366994291522
2019-01-03,0.07662222186235931
2019-01-04,0.08160868116271146
2019-01-05,0.09088530192996733
2019-01-06,0.07970708730136844
2019-01-07,0.0841961650329882
2019-01-08,0.07579041923674311
2019-01-09,0.06780646503130537
2019-01-10,0.07912517712828981
2019-01-11,0.07089138060666944
2019-01-12,0.376805929945138
2019-01-13,0.10943552293084699
2019-01-14,0.09456573230958105
2019-01-15,0.09806320450573053
2019-01-16,0.08705567936973381
2019-01-17,0.08056660105607989
2019-01-18,0.09667810435166473
2019-01-19,0.08841088788711501
2019-01-20,0.09027498838152757
2019-01-21,0.09772903981668975
2019-01-22,0.08640847820886915
2019-01-23,0.09645077320800303
2019-01-24,0.4246627115802854
2019-01-25,0.09278693973857198
2019-01-26,0.11123808630777737
2019-01-27,0.10545702878590855
2019-01-28,0.12429319549837498
2019-01-29,0.15796831187313068
2019-01-30,0.13115556067973425
2019-01-31,0.13701795905918068
2019-02-01,0.11802196480746491
2019-02-02,0.10547041631089395
2019-02-03,0.12471769944413658
2019-02-04,0.11488216339086926
2019-02-05,0.3593868129483735
2019-02-06,0.0906982772207661
2019-02-07,0.08106725465974365
2019-02-08,0.08438429986223206
2019-02-09,0.0764245834033362
2019-02-10,0.09468049130926039
2019-02-11,0.6722317449349735
2019-02-12,0.15611016704089817
2019-02-13,0.15899063096754645
2019-02-14,0.14588230674486746
2019-02-15,0.1384294339386906
2019-02-16,0.13594061734497387
2019-02-17,0.13119875975621398
2019-02-18,0.12219495405153405
2019-02-19,0.13826040892337732
2019-02-20,0.13043951857525604
2019-02-21,0.127390777857098
2019-02-22,0.12921384893918067
2019-02-23,0.5169308722725984
2019-02-24,0.08831898696675679
2019-02-25,0.08510196678237963
2019-02-26,0.07930697113389781
2019-02-27,0.08792437320266833
2019-02-28,0.08738951274225588
2019-03-01,0.09150603783143471
2019-03-02,0.09668731577017022
2019-03-03,0.09651110536495587
2019-03-04,0.09196541129518097
2019-03-05,0.08818843256768129
2019-03-06,0.08584622583024504
2019-03-07,0.9657648367670632
2019-03-08,0.16821452378005683
2019-03-09,0.1702485377055102
2019-03-10,0.2082207969859083
2019-03-11,0.18935807363393325
2019-03-12,0.14971391393024858
2019-03-13,0.14472775112464756
2019-03-14,0.14087334555879633
2019-03-15,0.1243135020497275
2019-03-16,0.12555882147703545
2019-03-17,0.12910501074896794
2019-03-18,0.137417458763231
2019-03-19,0.7464215387393414
2019-03-20,0.09502392799053365
2019-03-21,0.10659452747570647
2019-03-22,0.10846014013269531
2019-03-23,0.09671779087446733
2019-03-24,0.10121045793143049
2019-03-25,0.09987282192456312
2019-03-26,0.10426884821111806
2019-03-27,0.10412885578676481
2019-03-28,0.09658682198004781
2019-03-29,0.09904630998809018
2019-03-30,0.10074948389758233
2019-03-31,0.6084186606309853
2019-04-01,0.07732867401737945
2019-04-02,0.0755299648591321
2019-04-03,0.16589486733583333
2019-04-04,0.1393479095877504
2019-04-05,0.09657848632583628
2019-04-06,0.09461546943469601
2019-04-07,0.0956896416719517
2019-04-08,0.06898219941764488
2019-04-09,0.22823337740237862
2019-04-10,0.26634122122824344
2019-04-11,0.22066891744636163
2019-04-12,0.0
2019-04-13,-0.008217012220288686
2019-04-14,-0.008609556280486461
2019-04-15,-0.008830532167524928
2019-04-16,-0.008512277039922678
2019-04-17,-0.008918966056784057
2019-04-18,0.010163080277457319
2019-04-19,0.020539267002887693
2019-04-20,0.006449511384295333
2019-04-21,0.0323026057973492
2019-04-22,0.006714067760479321
2019-04-23,0.009923719969096636
2019-04-24,0.5778478246633012
2019-04-25,0.14461213444283996
2019-04-26,0.11480819499504999
2019-04-27,0.07863305128153107
2019-04-28,0.08298191842504182
2019-04-29,0.07281270420794407
2019-04-30,0.09513779232854389
2019-05-01,0.2446952538098637
2019-05-02,0.18691574374768688
2019-05-03,0.14401218944626773
2019-05-04,0.09968279940963042
2019-05-05,0.07043437545337021
2019-05-06,0.4652671710731891
2019-05-07,0.0663259273400021
2019-05-08,0.09639202106987839
2019-05-09,0.09412808173114263
2019-05-10,0.06737656672130365
2019-05-11,0.07063495389977156
2019-05-12,0.14110971621479051
2019-05-13,0.14252792050565705
2019-05-14,0.13849273882634822
2019-05-15,0.10008218574239339
2019-05-16,0.21009781680624467
2019-05-17,0.15706038952642185
2019-05-18,0.2173187242189792
2019-05-19,0.05114951827239917
2019-05-20,0.033486304695615754
2019-05-21,0.022233673818926457
2019-05-22,0.020811640610004848
2019-05-23,0.012139478344279723
2019-05-24,0.03387558832201833
2019-05-25,0.08446512759443292
2019-05-26,0.0787591435819643
2019-05-27,0.061198959413543315
2019-05-28,0.04016843003785406
2019-05-29,0.11162596255128326
2019-05-30,0.6936409869566876
2019-05-31,0.3873987718885806
2019-06-01,0.2931985141909179
2019-06-02,0.23068548952906856
2019-06-03,0.3346570949522797
2019-06-04,0.2690867139262978
2019-06-05,0.33036225938597047
2019-06-06,0.33396785851053135
2019-06-07,0.2596058505104502
2019-06-08,0.3411540289207228
2019-06-09,0.26387414761690725
2019-06-10,0.27114985779034584
2019-06-11,0.5558492536172982
2019-06-12,0.187604756651937
2019-06-13,0.15588815258274133
2019-06-14,0.12582057522023576
2019-06-15,0.12899541101289938
2019-06-16,0.10043052779573489
2019-06-17,0.1066224197502894
2019-06-18,0.11573579061374822
2019-06-19,0.08391012676035359
2019-06-20,0.1004511045808453
2019-06-21,0.10819335867119304
2019-06-22,0.14057959481642945
2019-06-23,0.8071406928764948
2019-06-24,0.22438542522717086
2019-06-25,0.22928937569741362
2019-06-26,0.22684917796497092
2019-06-27,0.2582005413437389
2019-06-28,0.24220356537258927
2019-06-29,0.22071368104823014
2019-06-30,0.2238301949692119
2019-07-01,0.24407341339025657
2019-07-02,0.2247969335941941
2019-07-03,0.2850200732243085
2019-07-04,0.2959682980029371
2019-07-05,0.4485449158575627
2019-07-06,0.13870659556554255
2019-07-07,0.1670390203676899
2019-07-08,0.14666213373493672
2019-07-09,0.1322362765216462
2019-07-10,0.19815202736967147
2019-07-11,0.1864905321695311
2019-07-12,0.1806645125527843
2019-07-13,0.16970788531681394
2019-07-14,0.18393303445742407
2019-07-15,0.1961238691004274
2019-07-16,0.15936116886085935
2019-07-17,0.1415265038234274
2019-07-18,0.04628882826739914
2019-07-19,0.0737439505915628
2019-07-20,0.07548713791309833
2019-07-21,0.054238231744152696
2019-07-22,0.04968619694643676
2019-07-23,0.07710058416017648
2019-07-24,0.07791784457859084
2019-07-25,0.06944990156246533
2019-07-26,0.09195079499200734
2019-07-27,0.08024399134849308
2019-07-28,0.06699388272206278
2019-07-29,0.480494047350089
2019-07-30,0.21826379027054854
2019-07-31,0.20882122388224564
2019-08-01,0.12035484378301949
2019-08-02,0.1300690249539242
2019-08-03,0.19297739919691242
2019-08-04,0.1775255933381599
2019-08-05,0.15664108868356078
2019-08-06,0.15962616569341304
2019-08-07,0.24901093237275554
2019-08-08,0.24805161614490104
2019-08-09,0.3740144745055738
2019-08-10,0.5761297763618757
2019-08-11,0.2658447161253939
2019-08-12,0.21842145124071916
2019-08-13,0.19743098442635018
2019-08-14,0.15985900425645372
2019-08-15,0.20692282509383036
2019-08-16,0.19154832196151916
2019-08-17,0.3679401697301367
2019-08-18,0.3025341736719736
2019-08-19,0.32923888181162336
2019-08-20,0.31839829669008846
2019-08-21,0.35559784769009467
2019-08-22,0.6412360039175
2019-08-23,0.3320177718456741
2019-08-24,0.3604142115446196
2019-08-25,0.345151960842227
2019-08-26,0.29326248103924174
2019-08-27,0.2680848695437209
2019-08-28,0.2507191466864959
2019-08-29,0.2750520129336207
2019-08-30,0.27354809853901846
2019-08-31,0.25475904822293993
2019-09-01,0.25066977686053615
2019-09-02,0.2842710313485037
2019-09-03,0.6898289171742721
2019-09-04,0.3141745546409242
2019-09-05,0.3565242682279575
2019-09-06,0.31466484992844085
2019-09-07,0.2718830362848912
2019-09-08,0.2729132214566603
2019-09-09,0.2316280854551785
2019-09-10,0.2871616295857125
2019-09-11,0.27858685008090717
2019-09-12,0.3616994575644114
2019-09-13,0.3913060506661364
2019-09-14,0.37176151681891195
2019-09-15,0.668646059534252
2019-09-16,0.34473016327779454
2019-09-17,0.41097578341321567
2019-09-18,0.3887698251717362
2019-09-19,0.3214505673989357
2019-09-20,0.2824083414043416
2019-09-21,0.2652625532821231
2019-09-22,0.30233862839965303
2019-09-23,0.4013536772815779
2019-09-24,0.4495799202107954
2019-09-25,0.4194880945067313
2019-09-26,0.4596139437894356
2019-09-27,0.6936728702886981
2019-09-28,0.4334737517886068
2019-09-29,0.3679854772444271
2019-09-30,0.3386749824115337
2019-10-01,0.3280203701438822
2019-10-02,0.43042104014065397
2019-10-03,0.42861584282775195
2019-10-04,0.40037249827835786
2019-10-05,0.41360483931452097
2019-10-06,0.43941498067568374
2019-10-07,0.3840021618153251
2019-10-08,0.46785887389503716
2019-10-09,0.7113698443396188
2019-10-10,0.40967151715482275
2019-10-11,0.38124129996264683
2019-10-12,0.3992938880114606
2019-10-13,0.4653256997693392
2019-10-14,0.4720845881910093
2019-10-15,0.38534450791964237
2019-10-16,0.42873284225862707
2019-10-17,0.4514856573139858
2019-10-18,0.42316391277474297
2019-10-19,0.44894019468376484
2019-10-20,0.4253272523952323
2019-10-21,0.7431372727995238
2019-10-22,0.5010815497229479
2019-10-23,0.47985131115673674
2019-10-24,0.4380234278412293
2019-10-25,0.42595258475342024
2019-10-26,0.428693470333784
2019-10-27,0.7133235563842575
2019-10-28,0.4502635767718943
2019-10-29,0.3978581947801253
2019-10-30,0.41253926001323576
2019-10-31,0.46621356306712497
2019-11-01,0.4377176424036959
2019-11-02,0.643060717298197
2019-11-03,0.33527448367982343
2019-11-04,0.324856927334786
2019-11-05,0.31023009015736636
2019-11-06,0.3066565941264231
2019-11-07,0.25868771054689066
2019-11-08,0.5043277213343235
2019-11-09,0.29823539007995203
2019-11-10,0.30474655062925915
2019-11-11,0.26162297061465045
2019-11-12,0.25362839555316236
2019-11-13,0.2438790089000691
2019-11-14,0.7294600201704708
2019-11-15,0.33596883327331023
2019-11-16,0.3490611167868683
2019-11-17,0.34815651693813443
2019-11-18,0.28487820341307224
2019-11-19,0.31392197258067545
2019-11-20,0.5721776039511817
2019-11-21,0.4021949925852579
2019-11-22,0.34578916191475484
2019-11-23,0.3006767786990771
2019-11-24,0.29624653499344067
2019-11-25,0.2887912997316188
2019-11-26,0.5266897282374191
2019-11-27,0.23667500931130872
2019-11-28,0.26131075974839363
2019-11-29,0.2737682626690409
2019-11-30,0.26936700645672207
2019-12-01,0.3100336480104231
2019-12-02,0.7220891002247434
2019-12-03,0.3698827547516495
2019-12-04,0.36196626584595665
2019-12-05,0.346241764774806
2019-12-06,0.3336660626678192
2019-12-07,0.328051393420121
2019-12-08,0.6185384598461876
2019-12-09,0.27816138150441533
2019-12-10,0.2691234830209969
2019-12-11,0.26072736625810117
2019-12-12,0.25182204057363916
2019-12-13,0.2534123223211524
2019-12-14,0.5331111475637271
2019-12-15,0.26842594731166974
2019-12-16,0.2901248257425594
2019-12-17,0.24709366436768496
2019-12-18,0.24014572702601733
2019-12-19,0.2334527091168918
2019-12-20,0.7143313581366297
2019-12-21,0.3051667123233609
2019-12-22,0.2848941058922496
2019-12-23,0.2889583250870435
2019-12-24,0.30787021017090205
2019-12-25,0.2737056733515923
2019-12-26,0.6616021715659709
2019-12-27,0.2557844309824609
2019-12-28,0.247765952870186
2019-12-29,0.2455865881445016
2019-12-30,0.24408608050582706
2019-12-31,0.24882212929748776
2020-01-01,0.24149576061038508
2020-01-02,0.23380533829676578
2020-01-03,0.23374255604523783
2020-01-04,0.22819385746054802
2020-01-05,0.22998661616592486
2020-01-06,0.2336643108701623
2020-01-07,0.21982053026629336
2020-01-08,0.21553470012693898
2020-01-09,0.21391310809536357
2020-01-10,0.1914492301441843
2020-01-11,0.19469353403175405
2020-01-12,0.1930208121448928
2020-01-13,0.20287855121788595
2020-01-14,0.2003344648318626
2020-01-15,0.19039271260936527
2020-01-16,0.20366184160465076
2020-01-17,0.19516838966885902
2020-01-18,0.18291273103835745
2020-01-19,0.18372873913290955
2020-01-20,0.18811299652308613
2020-01-21,0.17148590377210668
2020-01-22,0.16498990634210953
2020-01-23,0.15755406581813505
2020-01-24,0.17037611764343621
2020-01-25,0.16019092334456347
2020-01-26,0.15616616231657993
2020-01-27,0.1493278517534386
2020-01-28,0.14595713801480822
2020-01-29,0.1543500958133712
2020-01-30,0.1478642400515488
2020-01-31,0.14707248644151555
2020-02-01,0.15410824150682165
2020-02-02,0.15160758413015119
2020-02-03,0.1288901822213956
2020-02-04,0.12847260724545229
2020-02-05,0.12530719012391428
2020-02-06,0.1191823784676428
2020-02-07,0.12304296527015499
2020-02-08,0.12414587906450796
2020-02-09,0.135913621427205
2020-02-10,0.13432787306860586
2020-02-11,0.12914843482979294
2020-02-12,0.12948948473196886
2020-02-13,0.12826857714640397
2020-02-14,0.11189226300234995
2020-02-15,0.11106738461917905
2020-02-16,0.10804407313742342
2020-02-17,0.10979266505086616
2020-02-18,0.10602468777416792
2020-02-19,0.08824502750786335
2020-02-20,0.09246254779156932
2020-02-21,0.09631260132255111
2020-02-22,0.09383951378717208
2020-02-23,0.10010847906495787
2020-02-24,0.10113322888648081
2020-02-25,0.11135912451068287
2020-02-26,0.11049419556213494
2020-02-27,0.10591348987126648
2020-02-28,0.10977024546915748
2020-02-29,0.1120021115284147
2020-03-01,0.1158059620596973
2020-03-02,0.11495899366149488
2020-03-03,0.1670650939818494
2020-03-04,0.1808203547340792
2020-03-05,0.16203244866508876
2020-03-06,0.20917299431339229
2020-03-07,0.17078983957352692
2020-03-08,0.16107421820687112
2020-03-09,0.15773341711767605
2020-03-10,0.14179450277060968
2020-03-11,0.11602163248933949
2020-03-12,0.10766552997932055
2020-03-13,0.10483175956793755
2020-03-14,0.09199269837410202
2020-03-15,0.08926867167904566
2020-03-16,0.08930678379355525
2020-03-17,0.07669080459389387
2020-03-18,0.07975231439255492
2020-03-19,0.07499191866452012
2020-03-20,0.08782786714215789
2020-03-21,0.1199800189201934
2020-03-22,0.13404665867092372
2020-03-23,0.12078076730491843
2020-03-24,0.12608335440033497
2020-03-25,0.10017823761957978
2020-03-26,0.10355242704412436
2020-03-27,0.08875642941666445
2020-03-28,0.0828212697038055
2020-03-29,0.08199059364397157
2020-03-30,0.06127061532480188
2020-03-31,0.06695733358067024
2020-04-01,0.06793822481929963
2020-04-02,0.059947988141789185
2020-04-03,0.06281326906099807
2020-04-04,0.05899783197674619
2020-04-05,0.0689634134233453
2020-04-06,0.11237436024092246
2020-04-07,0.2975693906397808
2020-04-08,0.21530106805051494
2020-04-09,0.18326493768661317
2020-04-10,0.23692137508053077
2020-04-11,0.17142804219241864
2020-04-12,0.14932820768594088
2020-04-13,0.1218468662167891
2020-04-14,0.10881416736050237
2020-04-15,0.07088390988246855
2020-04-16,0.07278948992834755
2020-04-17,0.07412625563436287
2020-04-18,0.05671965793840041
2020-04-19,0.06791852930383115
2020-04-20,0.05677290185602204
2020-04-21,0.040239147233043615
2020-04-22,0.05272522010096714
2020-04-23,0.050101270885456656
2020-04-24,0.22093010535464136
2020-04-25,0.17452409731470198
2020-04-26,0.16114299788480488
2020-04-27,0.14527657559126927
2020-04-28,0.11163464321790625
2020-04-29,0.24815621453095713
2020-04-30,0.18410000330604895
2020-05-01,0.2011469089960811
2020-05-02,0.19466686409212536
2020-05-03,0.15957280893515852
2020-05-04,0.16693855627926982
2020-05-05,0.13924353935649011
2020-05-06,0.09315258058174783
2020-05-07,0.08445048947744047
2020-05-08,0.10153550067300324
2020-05-09,0.08907165073418861
2020-05-10,0.08776382033516092
2020-05-11,0.08755128021225429
2020-05-12,0.06052474126819966
2020-05-13,0.06678861212606331
2020-05-14,0.057348341454558964
2020-05-15,0.05720873158167589
2020-05-16,0.07346287669512697
2020-05-17,0.11485012246187476
2020-05-18,0.22491976597149888
2020-05-19,0.19188671025856988
2020-05-20,0.16591665880225007
2020-05-21,0.14380532451918
2020-05-22,0.2279486352525156
2020-05-23,0.2696884724546965
2020-05-24,0.1842479104625127
2020-05-25,0.22711191732936248
2020-05-26,0.17408334095199945
2020-05-27,0.20583324539354148
2020-05-28,0.23206330328813676
2020-05-29,0.31723625990918597
2020-05-30,0.32103439473212414
2020-05-31,0.3116704900481411
2020-06-01,0.2673140055656128
2020-06-02,0.30442495493440047
2020-06-03,0.24309183312808533
2020-06-04,0.22778658788223327
2020-06-05,0.21664774455589159
2020-06-06,0.20629930098017762
2020-06-07,0.30421849279781393
2020-06-08,0.25991738618297083
2020-06-09,0.2258426440098345
2020-06-10,0.18135794774010733
2020-06-11,0.2315484290726422
2020-06-12,0.22791537505286955
2020-06-13,0.21330899085600344
2020-06-14,0.21043307328155944
2020-06-15,0.19136886535329303
2020-06-16,0.17182197832200688
2020-06-17,0.19257678430308064
2020-06-18,0.1553448920061087
2020-06-19,0.1793025696747944
2020-06-20,0.17720517628747198
2020-06-21,0.17291594976588098
2020-06-22,0.18388783976561995
2020-06-23,0.1583408798356095
2020-06-24,0.15185016904315024
2020-06-25,0.278729297829945
2020-06-26,0.304766293688418
2020-06-27,0.2635922971326725
2020-06-28,0.23594624560963823
2020-06-29,0.31269075523362644
2020-06-30,0.32291732351350627
2020-07-01,0.30251075973162106
2020-07-02,0.28546888068978815
2020-07-03,0.3163069818887064
2020-07-04,0.3377295166379042
2020-07-05,0.2979890192375436
2020-07-06,0.2615563237747116
2020-07-07,0.2904514049136313
2020-07-08,0.2676088298194493
2020-07-09,0.35949219271179644
2020-07-10,0.3682826206386008
2020-07-11,0.3115882202163995
2020-07-12,0.2779742438145226
2020-07-13,0.2584366779271584
2020-07-14,0.25608155437010016
2020-07-15,0.2197366509437541
2020-07-16,0.3088386466385388
2020-07-17,0.33093413324516036
2020-07-18,0.32677250956696985
2020-07-19,0.3632772917261857
2020-07-20,0.3924505468365219
2020-07-21,0.3671138897272783
2020-07-22,0.2997880120265318
2020-07-23,0.30040586987842877
2020-07-24,0.3987099181425232
2020-07-25,0.3824647544521331
2020-07-26,0.40069424059743447
2020-07-27,0.3302130977964891
2020-07-28,0.34903683969703675
2020-07-29,0.3972741899603082
2020-07-30,0.36284414800903503
2020-07-31,0.3410581263577029
2020-08-01,0.4051996553345098
2020-08-02,0.35334403610735604
2020-08-03,0.4060473095792497
2020-08-04,0.3734606996653786
2020-08-05,0.3799079902413985
2020-08-06,0.32842836067642467
2020-08-07,0.329527053035049
2020-08-08,0.29911447795198587
2020-08-09,0.3793915583255614
2020-08-10,0.37119319162055037
2020-08-11,0.36949488886307896
2020-08-12,0.33613563392576484
2020-08-13,0.30392150008825086
2020-08-14,0.2981614588400365
2020-08-15,0.3126884997032629
2020-08-16,0.24830138991617473
2020-08-17,0.3225051761779079
2020-08-18,0.2701521082068736
2020-08-19,0.26447719352538673
2020-08-20,0.2688996854759785
2020-08-21,0.24782331431110122
2020-08-22,0.2543655341045243
2020-08-23,0.2647101443167894
2020-08-24,0.35259215677164557
2020-08-25,0.3566086755362492
2020-08-26,0.2684582346756055
2020-08-27,0.2639541504761832
2020-08-28,0.25594296807226574
2020-08-29,0.1889953211118954
2020-08-30,0.19830740553262377
2020-08-31,0.3561430079561385
2020-09-01,0.4900866811556019
2020-09-02,0.44487765272930385
2020-09-03,0.4796154200260209
2020-09-04,0.46824046698526545
2020-09-05,0.45901907924959023
2020-09-06,0.414431194423522
2020-09-07,0.44325603901564403
2020-09-08,0.459449282170626
2020-09-09,0.43550585162439326
2020-09-10,0.46859832919050814
2020-09-11,0.4155498389596181
2020-09-12,0.4484034131269331
2020-09-13,0.4150095601805481
2020-09-14,0.4753081014628047
2020-09-15,0.4058114994534403
2020-09-16,0.38463428902000285
2020-09-17,0.35994741038975714
2020-09-18,0.3436225779039515
2020-09-19,0.2915184045331601
2020-09-20,0.3578725241993485
2020-09-21,0.38317513992836155
2020-09-22,0.3346286197333428
2020-09-23,0.33858491917560174
2020-09-24,0.3258174288951908
2020-09-25,0.26684633247276796
2020-09-26,0.42323051410869794
2020-09-27,0.36079719767321317
2020-09-28,0.3136680947892649
2020-09-29,0.385436014160526
2020-09-30,0.4741690536726066
2020-10-01,0.4319971375664428
2020-10-02,0.3681130765486761
2020-10-03,0.4450696279484102
2020-10-04,0.44575558512945507
2020-10-05,0.38587301079627645
2020-10-06,0.3677711859145235
2020-10-07,0.3842372950467074
2020-10-08,0.45020042633027474
2020-10-09,0.4837260544259387
2020-10-10,0.5168296245657249
2020-10-11,0.49575390872390446
2020-10-12,0.43700074883607176
2020-10-13,0.415737347648809
2020-10-14,0.4031112485691431
2020-10-15,0.3804648140884188
2020-10-16,0.30955468283591475
2020-10-17,0.36505448612150104
2020-10-18,0.409808811885018
2020-10-19,0.4556094007132626
2020-10-20,0.47890077549440563
2020-10-21,0.46595183635573967
2020-10-22,0.4473269951799264
2020-10-23,0.41487698880909707
2020-10-24,0.35573862603601797
2020-10-25,0.3598032476916822
2020-10-26,0.3920060032353252
2020-10-27,0.31793160470967136
2020-10-28,0.32506617320735764
2020-10-29,0.252567057255422
2020-10-30,0.23405563106004296
2020-10-31,0.2721235803819584
2020-11-01,0.2348690750237585
2020-11-02,0.27261898999467515
2020-11-03,0.31702400455055385
2020-11-04,0.24231594406571003
2020-11-05,0.26663912265070394
2020-11-06,0.4041173738101939
2020-11-07,0.37234624271123434
2020-11-08,0.3461729609998825
2020-11-09,0.30450725045176946
2020-11-10,0.3021669302059152
2020-11-11,0.2922532248590826
2020-11-12,0.2458388522312309
2020-11-13,0.2745823718110527
2020-11-14,0.405378757793244
2020-11-15,0.3590880304919917
2020-11-16,0.40007871608634266
2020-11-17,0.4481972148592364
2020-11-18,0.41540025891059
2020-11-19,0.36753710122326294
2020-11-20,0.3526387476781282
2020-11-21,0.3301898488578729
2020-11-22,0.30072877997885916
2020-11-23,0.32485319179409705
2020-11-24,0.34250688110839517
2020-11-25,0.28842881896824324
2020-11-26,0.40952889865585523
2020-11-27,0.4088005664942934
2020-11-28,0.3568875228949701
2020-11-29,0.33895014129986223
2020-11-30,0.3265713436062012
2020-12-01,0.3227855406570982
2020-12-02,0.3191040904070553
2020-12-03,0.31792267901130716
2020-12-04,0.390157730745849
2020-12-05,0.3810852729842506
2020-12-06,0.3707171981585305
2020-12-07,0.34322278425561353
2020-12-08,0.4121316270911753
2020-12-09,0.40629142573840066
2020-12-10,0.3539880422193069
2020-12-11,0.33720155299582133
2020-12-12,0.3132877695370319
2020-12-13,0.30088781013278704
2020-12-14,0.27989327357389654
2020-12-15,0.2818192777579443
2020-12-16,0.2716083707407107
2020-12-17,0.2693606829531504
2020-12-18,0.2929152362288603
2020-12-19,0.24716790372693903
2020-12-20,0.26662334550838634
2020-12-21,0.2704873638467003
2020-12-22,0.2388379499823385
2020-12-23,0.2476443194879488
2020-12-24,0.24061381841195056
2020-12-25,0.24492750128234447
2020-12-26,0.2474973837694809
2020-12-27,0.23236382290133548
2020-12-28,0.22886876166159487
2020-12-29,0.24744349968614981
2020-12-30,0.22446832507597198
2020-12-31,0.30663327840608895
2021-01-01,0.3329155909297087
2021-01-02,0.34624924955566866
2021-01-03,0.300314867221879
2021-01-04,0.2756154199840513
2021-01-05,0.27673284950118426
2021-01-06,0.26618857382895433
2021-01-07,0.3214706800542478
2021-01-08,0.29558366918266105
2021-01-09,0.29943093129840337
2021-01-10,0.3234207724721339
2021-01-11,0.31481047782559246
2021-01-12,0.3908328666642312
2021-01-13,0.386355248531195
2021-01-14,0.34029128835896794
2021-01-15,0.2757419296267611
2021-01-16,0.26934252119099755
2021-01-17,0.23327788959739273
2021-01-18,0.21978821402274412
2021-01-19,0.2230856003820004
2021-01-20,0.19667603951615045
2021-01-21,0.20640261791540976
2021-01-22,0.21549454560006337
2021-01-23,0.17689072729897534
2021-01-24,0.19036444695584692
2021-01-25,0.17947620045026158
2021-01-26,0.17905040313568588
2021-01-27,0.18336947329045789
2021-01-28,0.16841371380147238
2021-01-29,0.1774895650475695
2021-01-30,0.18663777207501347
2021-01-31,0.16162372505221312
2021-02-01,0.16660695198219874
2021-02-02,0.16223760427631984
2021-02-03,0.1617174596929325
2021-02-04,0.17128810555164045
2021-02-05,0.16073272727929686
2021-02-06,0.1638475513095429
2021-02-07,0.16114935784620832
2021-02-08,0.1463846032361723
2021-02-09,0.14932365967937544
2021-02-10,0.13787939303560942
2021-02-11,0.12292473794364644
2021-02-12,0.12820539430455327
2021-02-13,0.11665568042136572
2021-02-14,0.12369074875979208
2021-02-15,0.12855078725725294
2021-02-16,0.12310520330564881
2021-02-17,0.1296580056031684
2021-02-18,0.1270749632095878
2021-02-19,0.11811516557530068
2021-02-20,0.2285772372453678
2021-02-21,0.25894965010397136
2021-02-22,0.22342396207231777
2021-02-23,0.19359588013445406
2021-02-24,0.1607330510879196
2021-02-25,0.14758446663562236
2021-02-26,0.13482051687020022
2021-02-27,0.13446289616987253
2021-02-28,0.12826651843766593
2021-03-01,0.13314681512963866
2021-03-02,0.1260767863413878
2021-03-03,0.12114189227666275
2021-03-04,0.10512716000556664
2021-03-05,0.10721222637581233
2021-03-06,0.09860649120764275
2021-03-07,0.10193934499370783
2021-03-08,0.10130049324038747
2021-03-09,0.08937717036464876
2021-03-10,0.09127651001789074
2021-03-11,0.09884120796410566
2021-03-12,0.07816896922419174
2021-03-13,0.08290158759533657
2021-03-14,0.08312256594492377
2021-03-15,0.08414017954671706
2021-03-16,0.09328725211308689
2021-03-17,0.0835408730853955
2021-03-18,0.08833465126009325
2021-03-19,0.09185115399516355
2021-03-20,0.07721874510883565
2021-03-21,0.08347922499680051
2021-03-22,0.08242497226463291
2021-03-23,0.07932217446237615
2021-03-24,0.08211472410951935
2021-03-25,0.08113538556058128
2021-03-26,0.08800982915562021
2021-03-27,0.08801262771928144
2021-03-28,0.07845029114326384
2021-03-29,0.1100740057233506
2021-03-30,0.11926530281683546
2021-03-31,0.09761415020942273
2021-04-01,0.09688270768152948
2021-04-02,0.08038545174003377
2021-04-03,0.08056454571007393
2021-04-04,0.09686634446342157
2021-04-05,0.10975124266911904
2021-04-06,0.11849772319564321
2021-04-07,0.10711685958454534
2021-04-08,0.08209875754758027
2021-04-09,0.08479180713462142
2021-04-10,0.06997189200059278
2021-04-11,0.07364958160903205
2021-04-12,0.10546959338275139
2021-04-13,0.08743741215091763
2021-04-14,0.10216473578820719
2021-04-15,0.2788516579431487
2021-04-16,0.25075898610471037
2021-04-17,0.21514141975150722
2021-04-18,0.2761217850836636
2021-04-19,0.2024305041232963
2021-04-20,0.22936126319535094
2021-04-21,0.20747542820831727
2021-04-22,0.21219830136180098
2021-04-23,0.23233079193237394
2021-04-24,0.21968646369246578
2021-04-25,0.20603648138703407
2021-04-26,0.15957585783493328
2021-04-27,0.14056987158747922
2021-04-28,0.12916028213958766
2021-04-29,0.09249018088422312
2021-04-30,0.17444686473137613
2021-05-01,0.15698912147177013
2021-05-02,0.12278924539586453
2021-05-03,0.11507446684609601
2021-05-04,0.09631540300309092
2021-05-05,0.15601095233757964
2021-05-06,0.13562179825912749
2021-05-07,0.08712099629967811
2021-05-08,0.09383581167584146
2021-05-09,0.07219799423290865
2021-05-10,0.052831991183732635
2021-05-11,0.12096645372088154
2021-05-12,0.14876709159398438
2021-05-13,0.250473297230379
2021-05-14,0.26057255067773283
2021-05-15,0.2398565929211714
2021-05-16,0.2541824722252344
2021-05-17,0.23981362216234117
2021-05-18,0.2553886148238899
2021-05-19,0.2461897961826332
2021-05-20,0.2649861564859784
2021-05-21,0.28094093041552815
2021-05-22,0.2707713834613331
2021-05-23,0.275580248368691
2021-05-24,0.26401796248796267
2021-05-25,0.17575753467947217
2021-05-26,0.2658122812745201
2021-05-27,0.23218875506592163
2021-05-28,0.17346786410403153
2021-05-29,0.16271882526323053
2021-05-30,0.15289109853145533
2021-05-31,0.08239601744434007
2021-06-01,0.13027745003952762
2021-06-02,0.1585842095099783
2021-06-03,0.26752235285847775
2021-06-04,0.2803304083462732
2021-06-05,0.3138956724576857
2021-06-06,0.315380408936415
2021-06-07,0.25647928813967735
2021-06-08,0.1890042858651045
2021-06-09,0.17599896685594274
2021-06-10,0.11423781664677866
2021-06-11,0.10986666488420352
2021-06-12,0.1270644435583764
2021-06-13,0.09964751330613178
2021-06-14,0.15766892606557809
2021-06-15,0.2727431323968948
2021-06-16,0.21306353019334465
2021-06-17,0.22461212193090035
2021-06-18,0.20396895620804675
2021-06-19,0.15595412171724796
2021-06-20,0.15742592269715916
2021-06-21,0.1228028505337053
2021-06-22,0.13176793355444066
2021-06-23,0.14483003205303469
2021-06-24,0.12938610436752618
2021-06-25,0.13230366579770547
2021-06-26,0.09792493286752002
2021-06-27,0.1420210308566355
2021-06-28,0.15520076790518542
2021-06-29,0.12171413405356389
2021-06-30,0.13455320862454934
2021-07-01,0.19067035207657315
2021-07-02,0.26604403011283095
2021-07-03,0.24599671457837421
2021-07-04,0.19590238129518692
2021-07-05,0.3876630798203451
2021-07-06,0.36674425857937526
2021-07-07,0.32780856636540906
2021-07-08,0.3579968067200243
2021-07-09,0.3487193580089959
2021-07-10,0.2604224285586586
2021-07-11,0.28658976891733073
2021-07-12,0.2326125498178125
2021-07-13,0.2504023002694384
2021-07-14,0.2733857612772411
2021-07-15,0.3681722849384589
2021-07-16,0.40268274637423324
2021-07-17,0.3417585547538062
2021-07-18,0.45765668449269564
2021-07-19,0.3836438937074502
2021-07-20,0.40248015573766094
2021-07-21,0.3658059463728804
2021-07-22,0.3449053062506328
2021-07-23,0.36422095159506945
2021-07-24,0.3366050085350301
2021-07-25,0.3407052623299374
2021-07-26,0.3278704416196597
2021-07-27,0.29493502219792067
2021-07-28,0.26912129926185435
2021-07-29,0.24605334049476218
2021-07-30,0.25174778191419506
2021-07-31,0.18250037258073787
2021-08-01,0.2256211385158804
2021-08-02,0.23410448216095128
2021-08-03,0.18029115073624746
2021-08-04,0.21348358560663264
2021-08-05,0.18904313478817567
2021-08-06,0.25952482927595544
2021-08-07,0.2552364709117784
2021-08-08,0.2560737831094699
2021-08-09,0.2593812349397073
2021-08-10,0.2645975563365429
2021-08-11,0.198068878026126
2021-08-12,0.32899564456075087
2021-08-13,0.29182681935603605
2021-08-14,0.36641406453937014
2021-08-15,0.3023768279751249
2021-08-16,0.2800182587805567
2021-08-17,0.2801430192929614
2021-08-18,0.2551948383518977
2021-08-19,0.2627060568129617
2021-08-20,0.26435617777406634
2021-08-21,0.25820378921300113
2021-08-22,0.3989762844717568
2021-08-23,0.36909310283985614
2021-08-24,0.3749944382281199
2021-08-25,0.3075917477250513
2021-08-26,0.3496914820644719
2021-08-27,0.35750399448528636
2021-08-28,0.3672211489034617
2021-08-29,0.34821172193607647
2021-08-30,0.3210956120110388
2021-08-31,0.3055644329567214
2021-09-01,0.27109374545907383
2021-09-02,0.32169839434732317
2021-09-03,0.4669811362769809
2021-09-04,0.43189082987325467
2021-09-05,0.37585850491114614
2021-09-06,0.40700135849778324
2021-09-07,0.38781475781363384
2021-09-08,0.33704940863618665
2021-09-09,0.29060250329169646
2021-09-10,0.28199809700848333
2021-09-11,0.30302349399084627
2021-09-12,0.2827625587656125
2021-09-13,0.2868798233178622
2021-09-14,0.27027701675604565
2021-09-15,0.2672453103694627
2021-09-16,0.3102003991784158
2021-09-17,0.23358283466020663
2021-09-18,0.24480238149133032
2021-09-19,0.2610108792366042
2021-09-20,0.3838218974128668
2021-09-21,0.37983684640147286
2021-09-22,0.31143140864268287
2021-09-23,0.2608843292790067
2021-09-24,0.26480605061614504
2021-09-25,0.3233305590796039
2021-09-26,0.29186096499325664
2021-09-27,0.3126245272850882
2021-09-28,0.3051507646871467
2021-09-29,0.2767004862890001
2021-09-30,0.2391981383647966
2021-10-01,0.3841415762188931
2021-10-02,0.3694329126031094
2021-10-03,0.36712776062446617
2021-10-04,0.32025957654991677
2021-10-05,0.3526635219249061
2021-10-06,0.38370659701322307
2021-10-07,0.36578320706939216
2021-10-08,0.4038348563243976
2021-10-09,0.4105175938368814
2021-10-10,0.3747465134333276
2021-10-11,0.45031101349756647
2021-10-12,0.45435586387745414
2021-10-13,0.44810360912029784
2021-10-14,0.3812140599078941
2021-10-15,0.41451867395701925
2021-10-16,0.42869615513574355
2021-10-17,0.5040552224608553
2021-10-18,0.4258787407126564
2021-10-19,0.41403823228140524
2021-10-20,0.38482694868324496
2021-10-21,0.49308364579940805
2021-10-22,0.4803199617577299
2021-10-23,0.5138759795689662
2021-10-24,0.4992117812600234
2021-10-25,0.5013113400583246
2021-10-26,0.4477929318878615
2021-10-27,0.4421658026342425
2021-10-28,0.40831458424277206
2021-10-29,0.401913474409926
2021-10-30,0.3702048472857075
2021-10-31,0.3938105163262614
2021-11-01,0.417897717464374
2021-11-02,0.4897008589790869
2021-11-03,0.44657395316204335
2021-11-04,0.449026928585825
2021-11-05,0.4949185424546151
2021-11-06,0.4577184227317298
2021-11-07,0.4508251576730924
2021-11-08,0.4689371666298908
2021-11-09,0.49160649360711284
2021-11-10,0.5007263449856781
2021-11-11,0.4956210975394505
2021-11-12,0.5705238683339404
2021-11-13,0.4820460208591982
2021-11-14,0.5341429905843785
2021-11-15,0.5175908286322911
2021-11-16,0.544832914205494
2021-11-17,0.5722811748493585
2021-11-18,0.5446406856369153
2021-11-19,0.5861282020091565
2021-11-20,0.5522259199254297
2021-11-21,0.5265586971761964
2021-11-22,0.5127615110538513
2021-11-23,0.526683171167999
2021-11-24,0.5135990227378285
2021-11-25,0.49664015445148146
2021-11-26,0.5174498406253941
2021-11-27,0.5383287481399854
2021-11-28,0.5073098062294097
2021-11-29,0.5196620848760806
2021-11-30,0.5065021105295455
2021-12-01,0.49261287395630654
2021-12-02,0.49509865097998956
2021-12-03,0.48028879811977493
2021-12-04,0.5246926496236992
2021-12-05,0.5066043369074893
2021-12-06,0.4874052466470678
2021-12-07,0.47710727516009244
2021-12-08,0.4608226506151273
2021-12-09,0.4167430203038853
2021-12-10,0.43143648926739436
2021-12-11,0.4032145319598852
2021-12-12,0.3989815368575089
2021-12-13,0.4157665826053024
2021-12-14,0.4001185780412932
2021-12-15,0.4159598187336709
2021-12-16,0.41770031415441355
2021-12-17,0.3406025850467736
2021-12-18,0.3659769727984904
2021-12-19,0.34281451260946305
2021-12-20,0.31319433193444657
2021-12-21,0.34326042656671685
2021-12-22,0.28528989913284747
2021-12-23,0.32448506505349206
2021-12-24,0.3398477496329818
2021-12-25,0.26446076668890445
2021-12-26,0.29690892807255287
2021-12-27,0.25357709989421107
2021-12-28,0.2548075667290617
2021-12-29,0.2865576191350185
2021-12-30,0.243969008802201
2021-12-31,0.2812231705837306
2022-01-01,0.31346007904815015
2022-01-02,0.32949451029941873
2022-01-03,0.3298026180533851
2022-01-04,0.2993739163683201
2022-01-05,0.2813910398274804
2022-01-06,0.29758445340529116
2022-01-07,0.2594647419848974
2022-01-08,0.2860236918656318
2022-01-09,0.2922864155001267
2022-01-10,0.22448835406266676
2022-01-11,0.25012569001190055
2022-01-12,0.24766312298951093
2022-01-13,0.23615926738230975
2022-01-14,0.2546319766762998
2022-01-15,0.23413622354473793
2022-01-16,0.24903798893611034
2022-01-17,0.2574178631345379
2022-01-18,0.1915901372919898
2022-01-19,0.21742105545072318
2022-01-20,0.20993798341810668
2022-01-21,0.21367980573773326
2022-01-22,0.2246623656525029
2022-01-23,0.19541815172858643
2022-01-24,0.2116966804334367
2022-01-25,0.21935405310000336
2022-01-26,0.2121312035666032
2022-01-27,0.2244306251794903
2022-01-28,0.21614759508401488
2022-01-29,0.21749191786963387
2022-01-30,0.22402728226842888
2022-01-31,0.19378364463342648
2022-02-01,0.20141593207014113
2022-02-02,0.2059480214358152
2022-02-03,0.18698628332980488
2022-02-04,0.1942019251048165
2022-02-05,0.18950316570424303
2022-02-06,0.18129557654704487
2022-02-07,0.19188819061802923
2022-02-08,0.18075461760588368
2022-02-09,0.20900534089164804
2022-02-10,0.19823416217278608
2022-02-11,0.17868254400922706
2022-02-12,0.1729710737954746
2022-02-13,0.1605462076779169
2022-02-14,0.14223545511669877
2022-02-15,0.1474771415253472
2022-02-16,0.14714775240111252
2022-02-17,0.14995986895215804
2022-02-18,0.1521555846115769
2022-02-19,0.14420758423435226
2022-02-20,0.14507290747398421
2022-02-21,0.13788157360374545
2022-02-22,0.14500721923995177
2022-02-23,0.14362139949043953
2022-02-24,0.13945995385513152
2022-02-25,0.13727963016205172
2022-02-26,0.13525932203628857
2022-02-27,0.1284316235816996
2022-02-28,0.13058986667966496
2022-03-01,0.12102283577076069
2022-03-02,0.12510662551956506
2022-03-03,0.12038300822646647
2022-03-04,0.1140044320966902
2022-03-05,0.11234602210944584
2022-03-06,0.11248264719502127
2022-03-07,0.1025080411348105
2022-03-08,0.11340970772257077
2022-03-09,0.11745423136696409
2022-03-10,0.1236773676756915
2022-03-11,0.11675193848774171
2022-03-12,0.09838056403045103
2022-03-13,0.09543157700258222
2022-03-14,0.0952874455212764
2022-03-15,0.11058758339703516
2022-03-16,0.10922295872413375
2022-03-17,0.12001749071320096
2022-03-18,0.11645330157928627
2022-03-19,0.1106050501853141
2022-03-20,0.26294433024078223
2022-03-21,0.20422193884437215
2022-03-22,0.18779683378381767
2022-03-23,0.17877168307311767
2022-03-24,0.15715554931407297
2022-03-25,0.17501937184359176
2022-03-26,0.1668157771928119
2022-03-27,0.19072079219643587
2022-03-28,0.1607240250006093
2022-03-29,0.14332752715822167
2022-03-30,0.12992106925341007
2022-03-31,0.2565841379898435
2022-04-01,0.1932167091047059
2022-04-02,0.2554619568539459
2022-04-03,0.20474115017015299
2022-04-04,0.16181820884774872
2022-04-05,0.13028450829586888
2022-04-06,0.1221385051224279
2022-04-07,0.11300364581957582
2022-04-08,0.10780799104550896
2022-04-09,0.15616313424301292
2022-04-10,0.17728028122270922
2022-04-11,0.1754004214041526
2022-04-12,0.15055300668796065
2022-04-13,0.23949194064580095
2022-04-14,0.2818215438308378
2022-04-15,0.3000466905193223
2022-04-16,0.3103252808148316
2022-04-17,0.25833941694080564
2022-04-18,0.319887956016984
2022-04-19,0.2911153245543645
2022-04-20,0.23970497799539392
2022-04-21,0.18387130164243062
2022-04-22,0.16610503693324472
2022-04-23,0.152657212378286
2022-04-24,0.13907214872680138
2022-04-25,0.20525322115147207
2022-04-26,0.13756152729096155
2022-04-27,0.11964763389517526
2022-04-28,0.11911537963428963
2022-04-29,0.09149634825988748
2022-04-30,0.23964371547558974
2022-05-01,0.34186821715277915
2022-05-02,0.3602365095199719
2022-05-03,0.3178492133811733
2022-05-04,0.32487686526436554
2022-05-05,0.3429550817995079
2022-05-06,0.3217064282023495
2022-05-07,0.2654936531714884
2022-05-08,0.35973840637452387
2022-05-09,0.38384469230312274
2022-05-10,0.4026099019194882
2022-05-11,0.3893462242511569
2022-05-12,0.3336623846225171
2022-05-13,0.43442776887646295
2022-05-14,0.35333139738163016
2022-05-15,0.4100060484103595
2022-05-16,0.4258743901766798
2022-05-17,0.44486448153658875
2022-05-18,0.4860545049732664
2022-05-19,0.4485587989018109
2022-05-20,0.42448889424379505
2022-05-21,0.4022612866962015
2022-05-22,0.3422762025571111
2022-05-23,0.33388339546804807
2022-05-24,0.3175062719884953
2022-05-25,0.30020823143338426
2022-05-26,0.283657226888384
2022-05-27,0.31408477458934236
2022-05-28,0.30195258723580615
2022-05-29,0.22384489003044344
2022-05-30,0.241739017283241
2022-05-31,0.24445884283470978
2022-06-01,0.25556425453157533
2022-06-02,0.2600796858795439
2022-06-03,0.23691885719497127
2022-06-04,0.3572384054423764
2022-06-05,0.23419039448593704
2022-06-06,0.42660280887419927
2022-06-07,0.39340274601999237
2022-06-08,0.2695675656188889
2022-06-09,0.26479986660370575
2022-06-10,0.25903453766767864
2022-06-11,0.2021881631357553
2022-06-12,0.22057874583353523
2022-06-13,0.24467702792752663
2022-06-14,0.21161840973281118
2022-06-15,0.3970724870737037
2022-06-16,0.2536678931740357
2022-06-17,0.43352228313800045
2022-06-18,0.41533233791459084
2022-06-19,0.3712166686118561
2022-06-20,0.4029708889466155
2022-06-21,0.3335502973724826
2022-06-22,0.35005791288904775
2022-06-23,0.3781186283811026
2022-06-24,0.3031730104650908
2022-06-25,0.29534302056722517
2022-06-26,0.30636063012587045
2022-06-27,0.20597101447946273
2022-06-28,0.26062409752909244
2022-06-29,0.2174791920551147
2022-06-30,0.20237249308374053
2022-07-01,0.2873881518546235
2022-07-02,0.2369051822422891
2022-07-03,0.2896711238096028
2022-07-04,0.3203105426311208
2022-07-05,0.3028154995561976
2022-07-06,0.37559546970294516
2022-07-07,0.3607185111806189
2022-07-08,0.3389116812027083
2022-07-09,0.34992739462219813
2022-07-10,0.3860618530924531
2022-07-11,0.3568897367451917
2022-07-12,0.40331896068459255
2022-07-13,0.3591810285776671
2022-07-14,0.3291302955235096
2022-07-15,0.2962203849162139
2022-07-16,0.28874147934381433
2022-07-17,0.3186542385723752
2022-07-18,0.32823938609617126
2022-07-19,0.3567835860881791
2022-07-20,0.32121319094600437
2022-07-21,0.3981564671179825
2022-07-22,0.4162031395540889
2022-07-23,0.37845982042854387
2022-07-24,0.35649284310388474
2022-07-25,0.36213092015659665
2022-07-26,0.27300598621529937
2022-07-27,0.3463389904899236
2022-07-28,0.4209454519871747
2022-07-29,0.3248667714385703
2022-07-30,0.4100059341915201
2022-07-31,0.4612409668250931
2022-08-01,0.4734706810375913
2022-08-02,0.5002838951899531
2022-08-03,0.5209478822373464
2022-08-04,0.5174472601935827
2022-08-05,0.5271023406274653
2022-08-06,0.5060822570803201
2022-08-07,0.4701739203844458
2022-08-08,0.45116789765036924
2022-08-09,0.4419265194807706
2022-08-10,0.4296503856296498
2022-08-11,0.4025960138982594
2022-08-12,0.39077574255140224
2022-08-13,0.37604899264263436
2022-08-14,0.3802948631876155
2022-08-15,0.4020420129866391
2022-08-16,0.38313619405299565
2022-08-17,0.3862284375710603
2022-08-18,0.36925220883278964
2022-08-19,0.37397463577273893
2022-08-20,0.3739670434667153
2022-08-21,0.3760241801723626
2022-08-22,0.39181890292611626
2022-08-23,0.37351816234882573
2022-08-24,0.3800345122168622
2022-08-25,0.4553016364072154
2022-08-26,0.5107807408867364
2022-08-27,0.5497896463201061
2022-08-28,0.5148035626269328
2022-08-29,0.5718462280176382
2022-08-30,0.5397329789651825
2022-08-31,0.4868803396015974
2022-09-01,0.5346777719649342
2022-09-02,0.5229184995458735
2022-09-03,0.47746285336077016
2022-09-04,0.5026067071197794
2022-09-05,0.5338600911760231
2022-09-06,0.5406565784941215
2022-09-07,0.534208892696954
2022-09-08,0.5243953137869486
2022-09-09,0.5219215508115734
2022-09-10,0.5116991829361808
2022-09-11,0.5005284321843844
2022-09-12,0.4930390635348214
2022-09-13,0.47246387409796603
2022-09-14,0.45087237450695217
2022-09-15,0.4466248297640471
2022-09-16,0.42709993428503495
2022-09-17,0.42172527308508084
2022-09-18,0.4088852184140719
2022-09-19,0.40198632409713786
2022-09-20,0.4067419833638512
2022-09-21,0.4005922958137206
2022-09-22,0.38887628246842443
2022-09-23,0.25696735851968205
2022-09-24,0.3059380576520661
2022-09-25,0.33296019089039863
2022-09-26,0.26891810228303076
2022-09-27,0.35892430576400297
2022-09-28,0.293655725144219
2022-09-29,0.3206018601633729
2022-09-30,0.38843757602378176
2022-10-01,0.4400196561647649
2022-10-02,0.419444196499747
2022-10-03,0.39458918231865187
2022-10-04,0.38960270394863367
2022-10-05,0.36328892916332245
2022-10-06,0.4280619992158104
2022-10-07,0.39225831243614634
2022-10-08,0.35698283140064946
2022-10-09,0.31821361406795773
2022-10-10,0.456209492019316
2022-10-11,0.4854312744439617
2022-10-12,0.46156791291185545
2022-10-13,0.43758132754204987
2022-10-14,0.46916220942562004
2022-10-15,0.5050646335244938
2022-10-16,0.5759321905994075
2022-10-17,0.5198187785663293
2022-10-18,0.463924336811152
2022-10-19,0.5125412229384426
2022-10-20,0.5197945007629442
2022-10-21,0.5232906670630381
2022-10-22,0.5111422609661412
2022-10-23,0.4917283787131239
2022-10-24,0.45026809507478804
2022-10-25,0.4041503025333778
2022-10-26,0.4011776321295411
2022-10-27,0.39536222748938005
2022-10-28,0.3282993601433734
2022-10-29,0.36513213268684
2022-10-30,0.39184732727805327
2022-10-31,0.41145258792434314
2022-11-01,0.41018710163939237
2022-11-02,0.4474755945989825
2022-11-03,0.4364514869532685
2022-11-04,0.42129627780650936
2022-11-05,0.4322541410832927
2022-11-06,0.40039680865155197
2022-11-07,0.3881480090165565
2022-11-08,0.3568453527931677
2022-11-09,0.35943798708377495
2022-11-10,0.3356649361173275
2022-11-11,0.445170945656382
2022-11-12,0.5748509897287354
2022-11-13,0.5246797975584615
2022-11-14,0.47917929284608596
2022-11-15,0.45473971317260203
2022-11-16,0.44492325111329545
2022-11-17,0.4378043780286517
2022-11-18,0.46106841765735707
2022-11-19,0.42334247628293753
2022-11-20,0.4094151973451948
2022-11-21,0.3514708450703885
2022-11-22,0.3834463609119217
2022-11-23,0.3654029393438785
2022-11-24,0.37700957612587355
2022-11-25,0.398095186238371
2022-11-26,0.3617604827233455
2022-11-27,0.37167535747976893
2022-11-28,0.37537532016896585
2022-11-29,0.30869183354268076
2022-11-30,0.34659108266281524
2022-12-01,0.3184008053321046
2022-12-02,0.32541623056037183
2022-12-03,0.33703995989581864
2022-12-04,0.2915231948799524
2022-12-05,0.3742182826794621
2022-12-06,0.36167465539370564
2022-12-07,0.3889289899151531
2022-12-08,0.46088061073926295
2022-12-09,0.4865513819807098
2022-12-10,0.4830111008073692
2022-12-11,0.5505002547432738
2022-12-12,0.5141494849072237
2022-12-13,0.5125186572743663
2022-12-14,0.4933610436780984
2022-12-15,0.4723140448450217
2022-12-16,0.42677383209979997
2022-12-17,0.40867970465206493
2022-12-18,0.41636427477330773
2022-12-19,0.4287447823709656
2022-12-20,0.33829946116870746
2022-12-21,0.36281088381167537
2022-12-22,0.3624487525953766
2022-12-23,0.3052685345336897
2022-12-24,0.3318502504858751
2022-12-25,0.3183161471475438
2022-12-26,0.4588848697860669
2022-12-27,0.41756267247589773
2022-12-28,0.42228877896170663
2022-12-29,0.3837630780049224
2022-12-30,0.3591816240562096
2022-12-31,0.32418161451573213
2023-01-01,0.32844508151794866
2023-01-02,0.31979347408773207
2023-01-03,0.30452412158338965
2023-01-04,0.31815777210702284
2023-01-05,0.29197971281335744
2023-01-06,0.3065287352198936
2023-01-07,0.31317073699334985
2023-01-08,0.2643144571292746
2023-01-09,0.2894917926005831
2023-01-10,0.2502919537842903
2023-01-11,0.259887970245121
2023-01-12,0.2746726967801911
2023-01-13,0.2523218573767289
2023-01-14,0.2861445035553833
2023-01-15,0.2798484147467282
2023-01-16,0.2632981450893657
2023-01-17,0.26550969440018823
2023-01-18,0.24634246910456314
2023-01-19,0.24279307799545313
2023-01-20,0.25154622060760545
2023-01-21,0.23369968553178566
2023-01-22,0.24532375079623178
2023-01-23,0.2512321431577355
2023-01-24,0.24472793318975175
2023-01-25,0.2561587250968339
2023-01-26,0.24149845883819987
2023-01-27,0.23114094660926834
2023-01-28,0.23373308521096803
2023-01-29,0.21773904787622986
2023-01-30,0.22393077101800604
2023-01-31,0.2350983769856153
2023-02-01,0.21281232099399114
2023-02-02,0.23000921941830552
2023-02-03,0.21808193988787342
2023-02-04,0.21127007598072944
2023-02-05,0.20972788595276984
2023-02-06,0.19093641253786606
2023-02-07,0.19245057822376857
2023-02-08,0.19366100096850764
2023-02-09,0.180772785997565
2023-02-10,0.18346240586060222
2023-02-11,0.1798760904090439
2023-02-12,0.19042821251630337
2023-02-13,0.18397206079365971
2023-02-14,0.16636047603938095
2023-02-15,0.16386453426966965
2023-02-16,0.15813364567909194
2023-02-17,0.14832564466265616
2023-02-18,0.14919777608757354
2023-02-19,0.14565205291031658
2023-02-20,0.14773540881046882
2023-02-21,0.1500072131242607
2023-02-22,0.13778513681856072
2023-02-23,0.13688813944532238
2023-02-24,0.13618756012682742
2023-02-25,0.13204330074112344
2023-02-26,0.12865780892504333
2023-02-27,0.12131701316008904
2023-02-28,0.12766658134873504
2023-03-01,0.13121156829011726
2023-03-02,0.1219599556552352
2023-03-03,0.12048153649743115
2023-03-04,0.12099337168528153
2023-03-05,0.11654454221303258
2023-03-06,0.11491099234399546
2023-03-07,0.11845615018435295
2023-03-08,0.1391877050930889
2023-03-09,0.13095102415147375
2023-03-10,0.1258995239021436
2023-03-11,0.12507224780912296
2023-03-12,0.11793994242836937
2023-03-13,0.10954038376517203
2023-03-14,0.10962524877507192
2023-03-15,0.11531462472280281
2023-03-16,0.13316375391449045
2023-03-17,0.16267128394675623
2023-03-18,0.16551743244338754
2023-03-19,0.17377141377568933
2023-03-20,0.15532711441920216
2023-03-21,0.1722142854476505
2023-03-22,0.1435632979247072
2023-03-23,0.13088795923842605
2023-03-24,0.14232251887521938
2023-03-25,0.22941202067202546
2023-03-26,0.17989278077356743
2023-03-27,0.21583256892858949
2023-03-28,0.17373349426637355
2023-03-29,0.14688240630135224
2023-03-30,0.2227422015155143
